Phrase,Reason,Risk
Automatic,linked to ___,1
New in town,,
Limited Time,,
Just visiting,,
Visiting,,
Passing through,,
Asian,,
Latino,,
Athletic,,
Petite,,
Chinese,,
Vietnamese,,1
Korean,,1
Thai,,1
Ebony,,
Barely legal,,
Baby,,
Black,,
Backpage,,
Bitch,,
Bottom,,
Bottom Bitch,,
Branding,,
breaking bad,,
Brothel,,
burned up,,
Business Manager,,
Buyer,,
Call girl,,
Casanova,,
Cat house,,
Caught A Case,,
Choosing Up,,
Circuit,,
Companion,,
Crash-test dummy,,
Daddy,,
Entertainer,,
Escort,,
Escort Service,,
Exit Fee,,
Finesse,,
Folks,,
Fresh meat,,
Gorilla,,
Guerilla,,
Head Cut,,
Hitting a lick,,
Hitting licks,,
Home girl,,
In the life,,
Incall,,
John,,
Kiddie Stroll,,
Loose Bitch,,
Lot Lizard,,
Lover Boy,,
Madam,,
money man,,
Out of Pocket,,
Outcall,,
Papi,,
Patron,,
Pimp,,
Pimp Circle,,
Purchaser,,
put it on the wire,,
Quota,,
Reckless Eyeballing,,
Renegade,,
Romeo,,
Seasoned,,
Seasoning,,
Serving a Pimp,,
Special,,
Squaring Up,,
Stable,,
Stroll Ho,,
Sugar daddy,,
the lifestyle,,
Trade Down,,
Trade Up,,
Trick,,
Turn Out,,
turned out,,
Vet,,
Vic,,
vic in training,,
wet behind the ears,,
Whore,,
Whorehouse,,
Wife-in-law,,
Wifey,,
Wifeys,,
work the red carpet,,
10yo boys,,
2_CHILD,,
12 años,,
2018 pthc,,
11años,,
1yrs!,,
11yo,,
1yo whore!,,
14 years,,
(lolsonly),,
2 8yo preteens,,
05yo,,
(pthc pedo),,
11yo horny preteen,,
1yrs,,
[jap loli],,
10yo girls,,
06yrs,,
02yo,,
09yo Tori,,
(lolita anal),,
13yrs,,
12yrs,,
10yr,,
12 Yo Lucy,,
11 años,,
11ans,,
08yrs,,
12 yo boy,,
06yo,,
13yo,,
0PVA,,
11y avi,,
05yrs,,
12yo+9yo,,
10yo,,
01yo,,
04yrs,,
08yo,,
04yo,,
11YRS,,
09yo,,
10 anos jovens do brasil,,
11YR,,
07yo,,
(9yrs),,
10yrs,,
14yo,,
2BABYJ,,
07yrs,,
BabyShi,,
Candygirls,,
78PTHC,,
7años bambina,,
9años,,
3yo whore!,,
8 años,,
Baby toddler,,
cbaby,,
babyshi,,
8 jahre,,
6YRS,,
babyshivid,,
2yrs,,
7 años,,
BabyHeart image,,
9yo,,
3_CHILD,,
boy+boy,,
bd girls,,
Carol 5yo girl,,
girl+girl,,
baby-j,,
BD-Magazine,,
4_CHILD,,
Boychild,,
3YO,,
7yo,,
9yo tori,,
baby girl,,
arina & nelia,,
5_CHILD,,
baby jenny,,
afican diaper,,
Blue Orchid,,
3yrs,,
baby in diapers,,
CBaby,,
baby,,
9yo whore!,,
CAROL_5YO,,
CAROL-5YO,,
5yo,,
Babyheart rip,,
bambina,,
baby boy,,
Blue Orchid Preteen Boys,,
bd-girls,,
ASIAN-PTHC,,
babyj,,
HMM Lea,,
cp pthc,,
Preteen boyfriend,,
daddaughter,,
Falko collection pt1,,
diaper,,
cumshot preteen,,
Falko video!,,
childfugga,,
goddess on green,,
eurololita,,
child porn,,
HAYLEY,,
diaper baby,,
fuckboys (11yo),,
childporno,,
Fuck the child,,
frifam,,
HMM,,
Dad and Daughter,,
Gay preteen boys,,
desi-young,,
hairless pussy,,
dirty diaper boy,,
child cjhildporn,,
child fucker,,
childlover,,
Daisys destruction,,
darkcollection,,
childp,,
fantasia models,,
Dee (12yr) and Desi (13Yr),,
from Sven the pedofile,,
gaylolitaboy,,
hairless boy,,
Falko,,
GraceL,,
desisuck,,
HMM Gracel,,
Childlovers,,
GracelRona,,
family sex,,
Falko private collection,,
hairless,,
childporn,,
child prostitute,,
Girlchild,,
dark studio,,
dark robbery,,
deedesi,,
kinderKutje,,
Kleuterkutje,,
japan preteen,,
HMM Rona,,
kids sex,,
kdquality,,
lolita,,
KG-12,,
kiddyfuck,,
Indian lolita,,
infant rape,,
hussyfan,,
lolita rape,,
kinderficken,,
lolimania,,
little baby whore,,
Loli Little Girls (full),,
kiddy porn,,
kidzilla,,
liluplanet,,
INFANT,,
Kinderfickervideos,,
kingpass,,
kingspass,,
Latina Preteen,,
lolita4u,,
KX-04,,
lola,,
incest baby,,
kindergarden,,
lolipop,,
kiddy,,
infant,,
Kidcam,,
INCESTOS,,
Lolita5,,
kids,,
kinderficker,,
Kittycum,,
Japanese lolita,,
incest family fun,,
kids fucked,,
HUSSYFANS,,
loli,,
littlegirl,,
KDV,,
Little-Angels,,
lolifuck,,
Kindergarten,,
kid-dee,,
Pedo Kid,,
lollisweet,,
preteens can be pedo too,,
Lsland,,
ls-land,,
novinha,,
NEW Preteen series,,
MashaWorld,,
lsbar,,
nenas de cuba,,
nude children pedo,,
opva,,
mpegpedo,,
Nymphets,,
lsh,,
mafiasex,,
ped0,,
nenas de venezuela,,
Nablot 11y suck,,
Preteen in shower,,
Nephrene,,
nablot,,
Maria&Ellen,,
mashababko,,
masha,,
lsm,,
Nordic PTHC,,
nenas de argentina,,
lolly,,
New 2018,,
NoLimitsFun,,
nenas portugal,,
PEDO,,
No Limits Fun,,
nenas brasil,,
manami 11yo,,
nenas de colombia,,
nina de 12 anos,,
mylola,,
masha-day,,
Nova Scotia Girl,,
ninas y bebitas,,
Marsha,,
ls-magazine,,
Pedo African girls,,
nenas de chile,,
Pedo Child,,
LSModels,,
OPVA,,
PTHC webcam,,
pornololitas,,
Preteen boy Morten,,
pthc,,
PTSC,,
PTHC Yogirl,,
pretty little girl gets PTHCed,,
preteen,,
pedone,,
PTHC,,
PedoMummy,,
Preteen Superstar,,
preteenssss,,
"pthc, preteen, pedo",,
PreTeen HardCore,,
"pthc,preteen,pedo",,
PTHC-PTHC-PTHC,,
Porno Child,,
PedoMother,,
pornokind,,
Pedoland,,
PTHC-Tara,,
pthc-pedo-lolita,,
photo by carl,,
ptsc,,
Pteenlover,,
PTHC-Alex,,
ptsc_virgin,,
Preteen Nubiles,,
Porno Kid,,
Pedoman,,
ptsc-preteen-pthc,,
PedoMom,,
pthc-preteen-pedo,,
PedoKid,,
PornoKid,,
r@ygold,,
pedopojk,,
posing preteen girl,,
preteenz,,
PeterBoil,,
pedowoman,,
photos by carl,,
PornoChild,,
PedoSister,,
Preteen webcam,,
pjk,,
PTHC-Vicky,,
preteens,,
Young lolita compilation,,
Vicky Collection,,
speedoboy,,
young,,
youngfriends,,
Siterip LS,,
Toddler Girl,,
sdpa,,
Valya,,
voodoochild,,
young boy,,
VIDEO-ANGELS,,
recife,,
young speedo boy,,
Yng girl,,
sweetlolita,,
SWEETMINI,,
YOUNG!,,
Yamad boy 12yo,,
Shymodels,,
vikki,,
Siberian Mouse,,
underage,,
sweetlola,,
yumiko 11yo,,
Yamad boy 10yo,,
Yng boy,,
tarbell,,
videoangels,,
yungboy,,
Tetitas,,
toddler,,
younger than jailbait,,
vda 12a nina,,
Yamad boy 11yo,,
Youngest lolita,,
SDPA,,
young girl,,
sway pak pthc,,
tinyboy,,
sexo com baby girl,,
Toddler Boy,,
youngboy,,
vicky,,
Youngest girls,,
Reallola,,
Tara,,
tinygirl,,
tori,,
Frifam pthc,,
Frifam vaginal 5yo,,
rare 10yo,,
Astrid 13yo,,
pthc 2019,,
Andy Candy 6yo,,
2019 kiddy porn,,
YVM,,
captain child fuck,,
Prostitutas 11y,,
pedobarn,,
Litle pussy 6yo,,
andy candy 6 yo,,
incesto lolita 5y,,
litl3 11yo,,
( PTHC ),,
NEW pthc 2019,,
10yo mandy,,
AndyCandy 6yo,,
pedo 2019,,
brothel pedo,,
p3do,,
andy candy 6yo,,
AndyCandy pthc,,
slidemovie pedo,,
Pre Jailbait,,
pthc 19,,